duration,severity
2.6758322544708903,0.8715745937147651
1.2111995995761617,0.23530091571454564
3.597119463832314,3.255975163812331
3.869042847611695,2.2089107880385033
2.2028516240899307,0.5142749146758613
1.9262683438928434,0.28601100497209103
3.0100759658677134,1.4656005023524643
3.9806987859675473,1.620297415964253
1.1759724388762152,0.3041755381740162
0.4289824439365475,0.04042965985925377
1.0050098403955872,0.270191064091753
0.40328331539262763,0.049136863289916725
