duration,severity
6.443229459359031,4.7879198962622675
3.554092405679853,1.2320524717205563
2.7768007293260553,1.494201039832595
2.9752067879880997,1.6478302273442762
0.44761602834307723,0.03830940680391941
3.0611678292341367,1.626785066059429
3.061955804754689,1.8532442712966821
1.7278033248007887,0.1795688317339728
6.356900305105455,3.648408373400742
0.6074946152361917,0.05476207045226689
2.4048643968487795,0.9122785254220616
