duration,severity
0.8202251709013808,0.15635392927193498
0.6116012572762202,0.07589962619410269
3.170848998659494,1.6110203374776906
2.1542373297475024,1.6275120875852227
2.3642840898234,0.7174895861850856
3.132922209640924,1.1634288293621653
9.762289874823182,7.280398608845329
3.854876241222314,1.4599420277034116
1.1044237106258379,0.23294718162827016
