duration,severity
9.7599675111706,4.456050713124238
4.37330352221403,3.7899027579209665
1.9628543566659005,0.8922591879100097
1.5970010552108533,0.5635213230615882
2.3424154525958443,0.9124432395126683
6.292042708357542,4.379110520193513
2.7130015675658683,1.5145083843305067
13.917119525750934,11.270047627589191
2.6262274815645696,0.9100900319952123
