duration,severity,intensity
9.7599675111706,4.456050713124238,0.45656409286446326
4.37330352221403,3.7899027579209665,0.8665995256607044
1.9628543566659005,0.8922591879100097,0.4545722839190163
1.5970010552108533,0.5635213230615882,0.3528622108438031
2.3424154525958443,0.9124432395126683,0.38953091711442844
6.292042708357542,4.379110520193513,0.6959759688815946
2.7130015675658683,1.5145083843305067,0.5582408806675841
13.917119525750934,11.270047627589191,0.8097974301892106
2.6262274815645696,0.9100900319952123,0.3465389188041807
