duration,severity,intensity
2.9724189904572995,1.0666997396402114,0.35886587424746
1.4578864736528203,0.7823894961183622,0.5366600968304749
7.575492805227441,5.3949353993786975,0.712156362376312
2.8573127334004766,2.1682763495721473,0.7588516035455769
4.149895276040297,2.0980201641405443,0.5055597851477377
4.836737882910256,2.9717342822389363,0.6144087924919448
