duration,severity,intensity
0.8202251709013808,0.15635392927193498,0.19062317863290015
0.6116012572762202,0.07589962619410269,0.12409985311692028
3.170848998659494,1.6110203374776906,0.5080722349625493
2.1542373297475024,1.6275120875852227,0.7554934013588851
2.3642840898234,0.7174895861850856,0.3034701241163783
3.132922209640924,1.1634288293621653,0.37135579867956897
9.762289874823182,7.280398608845329,0.7457675096927189
3.854876241222314,1.4599420277034116,0.3787260436772127
1.1044237106258379,0.23294718162827016,0.21092193094647274
