duration,severity
1.1904299061127404,0.33643379988023264
2.594348852661142,0.7587438918594547
3.105357935407028,2.307150333427333
5.610644955779435,2.7817295800353565
0.6450210774951302,0.09155356594107342
1.9116401040441815,0.5222796112867163
2.1783102378665262,0.7417533019275266
0.8459753271038153,0.09119033675243604
0.5991578043374375,0.0688526297970298
9.516352401974245,4.814328181992385
