duration,severity
2.9724189904572995,1.0666997396402114
1.4578864736528203,0.7823894961183622
7.575492805227441,5.3949353993786975
2.8573127334004766,2.1682763495721473
4.149895276040297,2.0980201641405443
4.836737882910256,2.9717342822389363
