duration,intensity_max
6,3.0172216755579697
6,1.8263387001316387
171,4.559320174011433
60,2.9978721769279684
24,4.647986261887118
47,3.948107063559627
11,1.655391193259053
6,1.449011915276328
6,2.2116180983994447
7,1.801617226248153
24,1.9644670251240992
7,1.385320273778774
13,1.6686516421586512
12,5.014431154829223
47,4.300738853479237
11,2.5365098947079776
56,2.2115663585379846
