duration,intensity_max
50,3.4235053677354585
94,4.559320174011433
18,2.1168367790811944
9,2.9978721769279684
22,4.647986261887118
28,3.948107063559627
6,1.899149485643406
11,5.014431154829223
31,4.300738853479237
5,2.2115663585379846
15,1.8217427483339677
