duration,intensity_max
5,1.523377820884157
6,0.9380637132383747
6,1.0115822211845362
28,1.5854959233344204
8,1.1172433969750273
7,0.8349220250923608
41,2.432629602978494
10,0.8932619267670319
6,1.3471089757575783
8,1.702525532902719
30,1.4454735375067003
21,1.415758559323553
5,1.212626000922139
10,0.7952907709118016
5,0.7115829841240391
5,0.9338838363716953
11,1.558800657814274
70,1.6224362396093106
14,1.6611656739985783
9,1.3078553269829385
38,2.151866225857816
5,0.8837966591946298
